Filename, Loc, LoS,  #protocols, Analysis Time(s), Repair Time(s), Failed Assertion, Succeed
/home/snort/src/sfutil/sfghash.c,776,80,40,0.358543157578,0.000890731811523,0,0
/home/snort/src/sfutil/sfhashfcn.c,142,80,40,0.13146686554,0.00107312202454,0,0
/home/snort/src/sfutil/sflsq.c,588,80,40,0.286881923676,0.000591993331909,0,0
/home/snort/src/sfutil/sfmemcap.c,160,80,40,0.0941591262817,0.000815868377686,0,0
/home/snort/src/sfutil/sfthd.c,1363,80,40,0.612567901611,0.000724077224731,0,0
/home/snort/src/sfutil/sfxhash.c,1533,80,40,0.475468158722,0.000710964202881,0,0
/home/snort/src/sfutil/ipobj.c,736,80,40,0.816097021103,0.00074315071106,0,0
/home/snort/src/sfutil/getopt_long.c,699,80,40,3.12328338623e-05,0.00200891494751,0,0
/home/snort/src/sfutil/acsmx.c,918,80,40,0.20748090744,0.00446105003357,0,0
/home/snort/src/sfutil/acsmx2.c,3602,80,40,0.686044931412,0.00104522705078,0,0
/home/snort/src/sfutil/sfksearch.c,1117,80,40,0.37203001976,0.0113291740417,0,0
/home/snort/src/sfutil/bnfa_search.c,2949,80,40,0.468868970871,0.00101971626282,0,0
/home/snort/src/sfutil/mpse.c,753,80,40,0.179308891296,0.000748872756958,0,0
/home/snort/src/sfutil/util_math.c,67,80,40,0.0440649986267,0.00213313102722,0,0
/home/snort/src/sfutil/util_net.c,131,80,40,0.0901989936829,0.000564098358154,0,0
/home/snort/src/sfutil/util_str.c,147,80,40,0.114524126053,0.00631785392761,0,0
/home/snort/src/sfutil/util_utf.c,299,80,40,0.100052833557,0.00114107131958,0,0
/home/snort/src/sfutil/util_jsnorm.c,1317,80,40,0.355988025665,0.000911712646484,0,0
/home/snort/src/sfutil/util_unfold.c,193,80,40,0.0986340045929,0.00165104866028,0,0
/home/snort/src/sfutil/asn1.c,1117,80,40,0.33585691452,0.00230884552002,0,0
/home/snort/src/sfutil/sfeventq.c,416,80,40,0.169199943542,0.00374889373779,0,0
/home/snort/src/sfutil/sfsnprintfappend.c,83,80,40,0.0753710269928,0.00142383575439,0,0
/home/snort/src/sfutil/sfrt.c,835,80,40,0.563770055771,0.000743865966797,0,0
/home/snort/src/sfutil/sfrt_dir.c,802,80,40,2.05167889595,0.002934217453,0,0
/home/snort/src/sfutil/sfrt_flat.c,405,80,40,0.206324100494,0.000768899917603,0,0
/home/snort/src/sfutil/sfrt_flat_dir.c,640,80,40,0.582379102707,0.00140595436096,0,0
/home/snort/src/sfutil/segment_mem.c,117,80,40,0.152191162109,0.00115776062012,0,0
/home/snort/src/sfutil/sfportobject.c,4054,80,40,1.1217238903,0.00096321105957,0,0
/home/snort/src/sfutil/sfrim.c,149,80,40,0.111937046051,0.000777006149292,0,0
/home/snort/src/sfutil/sfprimetable.c,4177,80,40,0.0745229721069,0.00158786773682,0,0
/home/snort/src/sfutil/sf_ip.c,634,80,40,0.463802099228,0.00113201141357,0,0
/home/snort/src/sfutil/sf_ipvar.c,1279,80,40,0.43200802803,0.00076699256897,0,0
/home/snort/src/sfutil/sf_vartable.c,441,80,40,0.232044935226,0.00157403945923,0,0
/home/snort/src/sfutil/sf_iph.c,579,80,40,0.382555007935,0.000942945480347,0,0
/home/snort/src/sfutil/sf_textlog.c,310,80,40,0.527970075607,0.000655889511108,0,0
/home/snort/src/sfutil/sf_sechash.c,99,80,40,0.0560841560364,0.00157380104065,0,0
/home/snort/src/sfutil/sfPolicy.c,519,80,40,0.246240139008,0.000683784484863,0,0
/home/snort/src/sfutil/sfPolicyUserData.c,191,80,40,0.130231142044,0.00112891197205,0,0
/home/snort/src/sfutil/sfActionQueue.c,121,80,40,0.116930961609,0.000824213027954,0,0
/home/snort/src/sfutil/sfrf.c,899,80,40,0.279135942459,0.00182795524597,0,0
/home/snort/src/sfutil/strvec.c,114,80,40,0.259128093719,0.00080394744873,0,0
/home/snort/src/sfutil/sf_email_attach_decode.c,654,80,40,0.160001039505,0.00266098976135,0,0
/home/snort/src/sfutil/sf_base64decode.c,129,80,40,0.0596520900726,0.00114297866821,0,0
/home/snort/src/output-plugins/spo_alert_fast.c,379,80,40,0.0661809444427,0.00114703178406,0,0
/home/snort/src/output-plugins/spo_alert_full.c,322,80,40,0.0722801685333,0.00419092178345,0,0
/home/snort/src/output-plugins/spo_alert_syslog.c,629,80,40,0.0738050937653,0.00240206718445,0,0
/home/snort/src/output-plugins/spo_alert_unixsock.c,336,80,40,0.0483059883118,0.00349712371826,0,0
/home/snort/src/output-plugins/spo_csv.c,511,80,40,0.063766002655,0.00530505180359,0,0
/home/snort/src/output-plugins/spo_log_null.c,96,80,40,0.0408549308777,0.000610113143921,0,0
/home/snort/src/output-plugins/spo_log_tcpdump.c,515,80,40,0.0804178714752,0.000800132751465,0,0
/home/snort/src/output-plugins/spo_unified2.c,1667,80,40,0.220090150833,0.000952959060669,0,0
/home/snort/src/output-plugins/spo_log_ascii.c,474,80,40,0.288778066635,0.0013210773468,0,0
/home/snort/src/output-plugins/spo_alert_sf_socket.c,498,80,40,0.225654125214,0.0195429325104,1,1
/home/snort/src/output-plugins/spo_alert_test.c,318,80,40,0.0588300228119,0.000606060028076,0,0
/home/snort/src/detection-plugins/detection_options.c,1547,80,40,0.249079942703,0.00525784492493,0,0
/home/snort/src/detection-plugins/sp_asn1.c,350,80,40,0.126214027405,0.00227785110474,0,0
/home/snort/src/detection-plugins/sp_asn1_detect.c,425,80,40,0.230454921722,0.000623941421509,0,0
/home/snort/src/detection-plugins/sp_byte_check.c,907,80,40,0.392248153687,0.000752925872803,0,0
/home/snort/src/detection-plugins/sp_byte_jump.c,885,80,40,0.629025936127,0.00175213813782,0,0
/home/snort/src/detection-plugins/sp_byte_extract.c,810,80,40,0.296540021896,0.00729393959045,0,0
/home/snort/src/detection-plugins/sp_byte_math.c,1023,80,40,0.297343015671,0.00395107269287,0,0
/home/snort/src/detection-plugins/sp_clientserver.c,558,80,40,0.126000165939,0.000983953475952,0,0
/home/snort/src/detection-plugins/sp_cvs.c,509,80,40,0.176630973816,0.00145292282104,0,0
/home/snort/src/detection-plugins/sp_dsize_check.c,351,80,40,0.124830007553,0.00083065032959,0,0
/home/snort/src/detection-plugins/sp_flowbits.c,1250,80,40,0.24788403511,0.00585913658142,0,0
/home/snort/src/detection-plugins/sp_ftpbounce.c,331,80,40,0.119554042816,0.00195717811584,0,0
/home/snort/src/detection-plugins/sp_hdr_opt_wrap.c,79,80,40,0.148610115051,0.0020170211792,0,0
/home/snort/src/detection-plugins/sp_icmp_code_check.c,397,80,40,0.197732210159,0.000892877578735,0,0
/home/snort/src/detection-plugins/sp_icmp_id_check.c,272,80,40,0.117928981781,0.00131678581238,0,0
/home/snort/src/detection-plugins/sp_icmp_seq_check.c,273,80,40,0.132939100266,0.000800848007202,0,0
/home/snort/src/detection-plugins/sp_icmp_type_check.c,353,80,40,0.16441321373,0.00150370597839,0,0
/home/snort/src/detection-plugins/sp_ip_fragbits.c,646,80,40,0.13751411438,0.00126695632935,0,0
/home/snort/src/detection-plugins/sp_ip_id_check.c,245,80,40,0.136389017105,0.000895023345947,0,0
/home/snort/src/detection-plugins/sp_ip_proto.c,418,80,40,0.194113016129,0.00197696685791,0,0
/home/snort/src/detection-plugins/sp_ip_same_check.c,235,80,40,0.124176979065,0.000734806060791,0,0
/home/snort/src/detection-plugins/sp_ip_tos_check.c,282,80,40,0.15137887001,0.000993013381958,0,0
/home/snort/src/detection-plugins/sp_ipoption_check.c,303,80,40,0.157865047455,0.000710010528564,0,0
/home/snort/src/detection-plugins/sp_isdataat.c,434,80,40,0.187823057175,0.00910997390747,0,0
/home/snort/src/detection-plugins/sp_pattern_match.c,3185,80,40,0.338490962982,0.00614285469055,0,0
/home/snort/src/detection-plugins/sp_pcre.c,777,80,40,0.150148868561,0.0057201385498,0,0
/home/snort/src/detection-plugins/sp_replace.c,446,80,40,0.0733749866486,0.000573873519897,0,0
/home/snort/src/detection-plugins/sp_rpc_check.c,389,80,40,0.196847915649,0.0297756195068,2,2
/home/snort/src/detection-plugins/sp_session.c,469,80,40,0.291982889175,0.000651121139526,0,0
/home/snort/src/detection-plugins/sp_tcp_ack_check.c,233,80,40,0.16384100914,0.000795125961304,0,0
/home/snort/src/detection-plugins/sp_tcp_flag_check.c,415,80,40,0.133561849594,0.00202798843384,0,0
/home/snort/src/detection-plugins/sp_tcp_seq_check.c,238,80,40,0.200375080109,0.000935077667236,0,0
/home/snort/src/detection-plugins/sp_tcp_win_check.c,292,80,40,0.134005069733,0.00083589553833,0,0
/home/snort/src/detection-plugins/sp_ttl_check.c,422,80,40,0.140326976776,0.000760078430176,0,0
/home/snort/src/detection-plugins/sp_urilen_check.c,344,80,40,0.141831874847,0.0024139881134,0,0
/home/snort/src/detection-plugins/sp_file_data.c,257,80,40,0.131150960922,0.000756025314331,0,0
/home/snort/src/detection-plugins/sp_base64_decode.c,423,80,40,0.181579113007,0.000725030899048,0,0
/home/snort/src/detection-plugins/sp_base64_data.c,184,80,40,0.0597338676453,0.000916004180908,0,0
/home/snort/src/detection-plugins/sp_pkt_data.c,171,80,40,0.0594899654388,0.00970315933228,0,0
/home/snort/src/detection-plugins/sp_file_type.c,406,80,40,0.125140190125,0.011837720871,0,0
/home/snort/src/detection-plugins/sp_react.c,494,80,40,0.244781017303,0.00372791290283,0,0
/home/snort/src/detection-plugins/sp_respond3.c,325,80,40,0.132116794586,0.00633597373962,0,0
/home/snort/src/detection-plugins/sf_snort_plugin_hdropts.c,304,80,40,0.156108856201,0.00117206573486,0,0
/home/snort/src/dynamic-plugins/sf_engine/examples/sfsnort_dynamic_detection_lib.c,69,80,40,0.130340099335,0.000832796096802,0,0
/home/snort/src/dynamic-plugins/sf_engine/examples/sfsnort_dynamic_detection_lib.c,69,80,40,0.0911991596222,0.000674962997437,0,0
/home/snort/src/dynamic-plugins/sf_engine/examples/rules.c,169,80,40,0.000108957290649,0.000776052474976,0,0
/home/snort/src/dynamic-plugins/sf_engine/examples/rules.c,169,80,40,0.000109195709229,0.00148773193359,0,0
/home/snort/src/dynamic-plugins/sf_engine/examples/imap_base64_decode.c,182,80,40,0.0648429393768,0.00630903244019,0,0
/home/snort/src/dynamic-plugins/sf_engine/examples/imap_base64_decode.c,182,80,40,0.0696451663971,0.00219798088074,0,0
/home/snort/src/dynamic-plugins/sf_engine/examples/web-misc_base64_decode.c,192,80,40,0.0679008960724,0.00442504882812,0,0
/home/snort/src/dynamic-plugins/sf_engine/examples/web-misc_base64_decode.c,192,80,40,0.0508301258087,0.000703811645508,0,0
/home/snort/src/dynamic-plugins/sf_engine/examples/misc_ber.c,161,80,40,0.138388156891,0.00149488449097,0,0
/home/snort/src/dynamic-plugins/sf_engine/examples/misc_ber.c,161,80,40,0.113347053528,0.000843048095703,0,0
/home/snort/src/dynamic-plugins/sf_engine/examples/bug35218.c,309,80,40,0.0689721107483,0.00636291503906,0,0
/home/snort/src/dynamic-plugins/sf_engine/examples/bug35218.c,309,80,40,0.0721688270569,0.000787019729614,0,0
/home/snort/src/dynamic-plugins/sf_engine/examples/1000.c,148,80,40,0.0764420032501,0.000960826873779,0,0
/home/snort/src/dynamic-plugins/sf_engine/examples/1000.c,148,80,40,0.0953290462494,0.000735998153687,0,0
/home/snort/src/dynamic-plugins/sf_engine/examples/1001.c,156,80,40,0.0837571620941,0.0010998249054,0,0
/home/snort/src/dynamic-plugins/sf_engine/examples/1001.c,156,80,40,0.0627059936523,0.000694036483765,0,0
/home/snort/src/dynamic-plugins/sf_engine/examples/109.c,125,80,40,0.075984954834,0.000809192657471,0,0
/home/snort/src/dynamic-plugins/sf_engine/examples/109.c,125,80,40,0.0781118869781,0.00100493431091,0,0
/home/snort/src/dynamic-plugins/sf_engine/examples/12759.c,185,80,40,0.0637338161469,0.000857830047607,0,0
/home/snort/src/dynamic-plugins/sf_engine/examples/12759.c,185,80,40,0.0693900585175,0.000947952270508,0,0
/home/snort/src/dynamic-plugins/sf_engine/examples/1915.c,134,80,40,0.0971550941467,0.00105404853821,0,0
/home/snort/src/dynamic-plugins/sf_engine/examples/1915.c,134,80,40,0.0727679729462,0.000819683074951,0,0
/home/snort/src/dynamic-plugins/sf_engine/examples/1939.c,139,80,40,0.0569448471069,0.000689029693604,0,0
/home/snort/src/dynamic-plugins/sf_engine/examples/1939.c,139,80,40,0.066654920578,0.00108790397644,0,0
/home/snort/src/dynamic-plugins/sf_engine/examples/2044.c,154,80,40,0.079106092453,0.000573873519897,0,0
/home/snort/src/dynamic-plugins/sf_engine/examples/2044.c,154,80,40,0.0736739635468,0.00101494789124,0,0
/home/snort/src/dynamic-plugins/sf_engine/examples/2313.c,106,80,40,0.076737165451,0.00330400466919,0,0
/home/snort/src/dynamic-plugins/sf_engine/examples/2313.c,106,80,40,0.0683579444885,0.00170707702637,0,0
/home/snort/src/dynamic-plugins/sf_engine/examples/2404.c,398,80,40,0.0831120014191,0.0032639503479,0,0
/home/snort/src/dynamic-plugins/sf_engine/examples/2404.c,398,80,40,0.0760989189148,0.000895977020264,0,0
/home/snort/src/dynamic-plugins/sf_engine/examples/2486.c,172,80,40,0.0743629932404,0.00088095664978,0,0
/home/snort/src/dynamic-plugins/sf_engine/examples/2486.c,172,80,40,0.0866749286652,0.0019850730896,0,0
/home/snort/src/dynamic-plugins/sf_engine/examples/2527.c,164,80,40,0.0556809902191,0.000775098800659,0,0
/home/snort/src/dynamic-plugins/sf_engine/examples/2527.c,164,80,40,0.0454549789429,0.00108313560486,0,0
/home/snort/src/dynamic-plugins/sf_engine/examples/2528.c,386,80,40,0.0888211727142,0.000908851623535,0,0
/home/snort/src/dynamic-plugins/sf_engine/examples/2528.c,386,80,40,0.0734558105469,0.00103187561035,0,0
/home/snort/src/dynamic-plugins/sf_engine/examples/2570.c,184,80,40,0.0887360572815,0.000726222991943,0,0
/home/snort/src/dynamic-plugins/sf_engine/examples/2570.c,184,80,40,0.0501430034637,0.000765085220337,0,0
/home/snort/src/dynamic-plugins/sf_engine/examples/3036.c,356,80,40,0.0835571289062,0.000744104385376,0,0
/home/snort/src/dynamic-plugins/sf_engine/examples/3036.c,356,80,40,0.0768899917603,0.00344014167786,0,0
/home/snort/src/dynamic-plugins/sf_engine/examples/3052.c,337,80,40,0.0868859291077,0.0013599395752,0,0
/home/snort/src/dynamic-plugins/sf_engine/examples/3052.c,337,80,40,0.0545411109924,0.00241279602051,0,0
/home/snort/src/dynamic-plugins/sf_engine/examples/3099.c,432,80,40,0.0801410675049,0.00139689445496,0,0
/home/snort/src/dynamic-plugins/sf_engine/examples/3099.c,432,80,40,0.0902090072632,0.000978946685791,0,0
/home/snort/src/dynamic-plugins/sf_engine/examples/3665.c,152,80,40,0.0574100017548,0.000897169113159,0,0
/home/snort/src/dynamic-plugins/sf_engine/examples/3665.c,152,80,40,0.0467300415039,0.000838041305542,0,0
/home/snort/src/dynamic-plugins/sf_engine/examples/3682.c,234,80,40,0.000302076339722,0.000613927841187,0,0
/home/snort/src/dynamic-plugins/sf_engine/examples/3682.c,234,80,40,0.000277996063232,0.000740051269531,0,0
/home/snort/src/dynamic-plugins/sf_engine/examples/593.c,267,80,40,0.0662291049957,0.0014488697052,0,0
/home/snort/src/dynamic-plugins/sf_engine/examples/593.c,267,80,40,0.0714268684387,0.0014820098877,0,0
/home/snort/src/dynamic-plugins/sf_engine/examples/637.c,114,80,40,0.0679988861084,0.00293803215027,0,0
/home/snort/src/dynamic-plugins/sf_engine/examples/637.c,114,80,40,0.064591884613,0.000669002532959,0,0
/home/snort/src/dynamic-plugins/sf_engine/examples/652.c,107,80,40,0.0667321681976,0.000907897949219,0,0
/home/snort/src/dynamic-plugins/sf_engine/examples/652.c,107,80,40,0.0889360904694,0.00094199180603,0,0
/home/snort/src/dynamic-plugins/sf_engine/examples/bug25673.c,106,80,40,0.111797809601,0.000853776931763,0,0
/home/snort/src/dynamic-plugins/sf_engine/examples/bug25673.c,106,80,40,0.0774998664856,0.00153183937073,0,0
/home/snort/src/dynamic-plugins/sf_engine/examples/bug26266.c,157,80,40,0.0769340991974,0.00122904777527,0,0
/home/snort/src/dynamic-plugins/sf_engine/examples/bug26266.c,157,80,40,0.086620092392,0.000869989395142,0,0
/home/snort/src/dynamic-plugins/sf_engine/examples/bug29818.c,134,80,40,0.0808200836182,0.00124597549438,0,0
/home/snort/src/dynamic-plugins/sf_engine/examples/bug29818.c,134,80,40,0.0698890686035,0.000666856765747,0,0
/home/snort/src/dynamic-plugins/sf_engine/examples/bug30013.c,142,80,40,0.0630190372467,0.000661134719849,0,0
/home/snort/src/dynamic-plugins/sf_engine/examples/bug30013.c,142,80,40,0.0750081539154,0.000686883926392,0,0
/home/snort/src/dynamic-plugins/sf_engine/examples/bug31842.c,380,80,40,0.128824949265,0.000614881515503,0,0
/home/snort/src/dynamic-plugins/sf_engine/examples/bug31842.c,380,80,40,0.102400064468,0.0024049282074,0,0
/home/snort/src/dynamic-plugins/sf_engine/examples/misc_mozilla_sslv2_cmk.c,231,80,40,0.101203918457,0.000843286514282,0,0
/home/snort/src/dynamic-plugins/sf_engine/examples/misc_mozilla_sslv2_cmk.c,231,80,40,0.073518037796,0.000814199447632,0,0
/home/snort/src/dynamic-plugins/sf_engine/examples/misc_mysql_com_table_dump.c,201,80,40,0.0686931610107,0.00139284133911,0,0
/home/snort/src/dynamic-plugins/sf_engine/examples/misc_mysql_com_table_dump.c,201,80,40,0.0800468921661,0.00222897529602,0,0
/home/snort/src/dynamic-plugins/sf_engine/examples/rule_abcxyz.c,200,80,40,0.0808918476105,0.00219011306763,0,0
/home/snort/src/dynamic-plugins/sf_engine/examples/rule_abcxyz.c,200,80,40,0.0646991729736,0.00059986114502,0,0
/home/snort/src/dynamic-plugins/sf_engine/examples/rule_storeandforward.c,159,80,40,0.0899171829224,0.00296592712402,0,0
/home/snort/src/dynamic-plugins/sf_engine/examples/rule_storeandforward.c,159,80,40,0.0636940002441,0.00170302391052,0,0
/home/snort/src/dynamic-plugins/sf_engine/examples/rule_storeandforward2.c,181,80,40,0.098060131073,0.000618934631348,0,0
/home/snort/src/dynamic-plugins/sf_engine/examples/rule_storeandforward2.c,181,80,40,0.0802528858185,0.000730991363525,0,0
/home/snort/src/dynamic-plugins/sf_engine/examples/rule_contentcontent.c,235,80,40,0.0797550678253,0.000827074050903,0,0
/home/snort/src/dynamic-plugins/sf_engine/examples/rule_contentcontent.c,235,80,40,0.0790109634399,0.00121212005615,0,0
/home/snort/src/dynamic-plugins/sf_engine/examples/rule_content_notcontent.c,142,80,40,0.000272035598755,0.000967025756836,0,0
/home/snort/src/dynamic-plugins/sf_engine/examples/rule_content_notcontent.c,142,80,40,0.000123977661133,0.000525951385498,0,0
/home/snort/src/dynamic-plugins/sf_engine/examples/rule_ftpbounce.c,146,80,40,0.0739688873291,0.00181889533997,0,0
/home/snort/src/dynamic-plugins/sf_engine/examples/rule_ftpbounce.c,146,80,40,0.0503461360931,0.00820899009705,0,0
/home/snort/src/dynamic-plugins/sf_engine/examples/rule_http_buffers.c,163,80,40,0.00017786026001,0.000716209411621,0,0
/home/snort/src/dynamic-plugins/sf_engine/examples/rule_http_buffers.c,163,80,40,0.00032114982605,0.000720024108887,0,0
/home/snort/src/dynamic-plugins/sf_engine/examples/rule_relative_contents.c,217,80,40,0.000149011611938,0.00061297416687,0,0
/home/snort/src/dynamic-plugins/sf_engine/examples/rule_relative_contents.c,217,80,40,0.000186204910278,0.000815868377686,0,0
/home/snort/src/dynamic-plugins/sf_engine/examples/sid1026.c,123,80,40,0.0643680095673,0.000883817672729,0,0
/home/snort/src/dynamic-plugins/sf_engine/examples/sid1026.c,123,80,40,0.0839459896088,0.00296306610107,0,0
/home/snort/src/dynamic-plugins/sf_engine/examples/sid1902.c,190,80,40,0.100313901901,0.00168085098267,0,0
/home/snort/src/dynamic-plugins/sf_engine/examples/sid1902.c,190,80,40,0.0903961658478,0.00089693069458,0,0
/home/snort/src/dynamic-plugins/sf_engine/examples/sid1970.c,215,80,40,0.0945780277252,0.00115180015564,0,0
/home/snort/src/dynamic-plugins/sf_engine/examples/sid1970.c,215,80,40,0.114817142487,0.000684022903442,0,0
/home/snort/src/dynamic-plugins/sf_engine/examples/sid2257.c,212,80,40,0.0819318294525,0.00152921676636,0,0
/home/snort/src/dynamic-plugins/sf_engine/examples/sid2257.c,212,80,40,0.0728001594543,0.000675916671753,0,0
/home/snort/src/dynamic-plugins/sf_engine/examples/sid2389.c,189,80,40,0.0759761333466,0.000718832015991,0,0
/home/snort/src/dynamic-plugins/sf_engine/examples/sid2389.c,189,80,40,0.0765681266785,0.00184893608093,0,0
/home/snort/src/dynamic-plugins/sf_engine/examples/sid2489.c,183,80,40,0.0818209648132,0.000732898712158,0,0
/home/snort/src/dynamic-plugins/sf_engine/examples/sid2489.c,183,80,40,0.0714890956879,0.000585794448853,0,0
/home/snort/src/dynamic-plugins/sf_engine/examples/sid2519.c,316,80,40,0.122232198715,0.00259685516357,0,0
/home/snort/src/dynamic-plugins/sf_engine/examples/sid2519.c,316,80,40,0.056832075119,0.00113797187805,0,0
/home/snort/src/dynamic-plugins/sf_engine/examples/sid2578.c,162,80,40,0.0741369724274,0.000838041305542,0,0
/home/snort/src/dynamic-plugins/sf_engine/examples/sid2578.c,162,80,40,0.0747628211975,0.00104665756226,0,0
/home/snort/src/dynamic-plugins/sf_engine/examples/sid272.c,143,80,40,0.0668151378632,0.000856876373291,0,0
/home/snort/src/dynamic-plugins/sf_engine/examples/sid272.c,143,80,40,0.07879114151,0.000699996948242,0,0
/home/snort/src/dynamic-plugins/sf_engine/examples/sid2922.c,158,80,40,0.0846741199493,0.000720977783203,0,0
/home/snort/src/dynamic-plugins/sf_engine/examples/sid2922.c,158,80,40,0.0740509033203,0.00104999542236,0,0
/home/snort/src/dynamic-plugins/sf_engine/examples/sid9999.c,332,80,40,0.0799210071564,0.0011351108551,0,0
/home/snort/src/dynamic-plugins/sf_engine/examples/sid9999.c,332,80,40,0.0612998008728,0.0137012004852,0,0
/home/snort/src/dynamic-plugins/sf_engine/examples/testsid.c,111,80,40,0.0480618476868,0.00062108039856,0,0
/home/snort/src/dynamic-plugins/sf_engine/examples/testsid.c,111,80,40,0.0296890735626,0.000863075256348,0,0
/home/snort/src/dynamic-plugins/sf_engine/examples/bug34427.c,286,80,40,0.113129138947,0.00175786018372,0,0
/home/snort/src/dynamic-plugins/sf_engine/examples/bug34427.c,286,80,40,0.0772988796234,0.00096321105957,0,0
/home/snort/src/dynamic-plugins/sf_engine/examples/bug31159.c,260,80,40,0.157937049866,0.000730991363525,0,0
/home/snort/src/dynamic-plugins/sf_engine/examples/bug31159.c,260,80,40,0.156435966492,0.00139117240906,0,0
/home/snort/src/dynamic-plugins/sf_engine/examples/32694.c,376,80,40,0.183866977692,0.00130105018616,0,0
/home/snort/src/dynamic-plugins/sf_engine/examples/32694.c,376,80,40,0.130847930908,0.00170493125916,0,0
/home/snort/src/dynamic-plugins/sf_engine/examples/34408.c,230,80,40,0.0785410404205,0.00155711174011,0,0
/home/snort/src/dynamic-plugins/sf_engine/examples/34408.c,230,80,40,0.0655319690704,0.00342297554016,0,0
/home/snort/src/dynamic-plugins/sf_engine/examples/36734.c,225,80,40,0.06409907341,0.000797986984253,0,0
/home/snort/src/dynamic-plugins/sf_engine/examples/36734.c,225,80,40,0.0746541023254,0.000679969787598,0,0
/home/snort/src/dynamic-plugins/sf_engine/examples/36733.c,258,80,40,0.0804579257965,0.00201821327209,0,0
/home/snort/src/dynamic-plugins/sf_engine/examples/36733.c,258,80,40,0.0803139209747,0.00389909744263,0,0
/home/snort/src/dynamic-plugins/sf_engine/examples/web-client_test.c,623,80,40,0.0664160251617,0.00296092033386,0,0
/home/snort/src/dynamic-plugins/sf_engine/examples/web-client_test.c,623,80,40,0.102184057236,0.00075888633728,0,0
/home/snort/src/dynamic-plugins/sf_engine/examples/dce_so_rule.c,264,80,40,0.000298976898193,0.000769853591919,0,0
/home/snort/src/dynamic-plugins/sf_engine/examples/dce_so_rule.c,264,80,40,0.000281095504761,0.00226473808289,0,0
/home/snort/src/dynamic-plugins/sf_engine/examples/flowbits_test.c,348,80,40,0.0386071205139,0.00652694702148,0,0
/home/snort/src/dynamic-plugins/sf_engine/examples/flowbits_test.c,348,80,40,0.0577371120453,0.00187087059021,0,0
/home/snort/src/dynamic-plugins/sf_engine/examples/bug109059-builtin.c,238,80,40,0.000154972076416,0.000566959381104,0,0
/home/snort/src/dynamic-plugins/sf_engine/examples/bug109059-builtin.c,238,80,40,0.000324010848999,0.000687837600708,0,0
/home/snort/src/dynamic-plugins/sf_engine/examples/bug109059-custom.c,270,80,40,0.09308385849,0.000720977783203,0,0
/home/snort/src/dynamic-plugins/sf_engine/examples/bug109059-custom.c,270,80,40,0.0908529758453,0.00161099433899,0,0
/home/snort/src/dynamic-plugins/sf_engine/bmh.c,266,80,40,0.539720058441,0.0086989402771,0,0
/home/snort/src/dynamic-plugins/sf_engine/bmh.c,266,80,40,0.618787050247,0.000990152359009,0,0
/home/snort/src/dynamic-plugins/sf_engine/sf_snort_detection_engine.c,1365,80,40,0.840098142624,0.000984907150269,0,0
/home/snort/src/dynamic-plugins/sf_engine/sf_snort_detection_engine.c,1365,80,40,0.943339109421,0.000910997390747,0,0
/home/snort/src/dynamic-plugins/sf_engine/sf_snort_plugin_api.c,1023,80,40,0.721774101257,0.00101184844971,0,0
/home/snort/src/dynamic-plugins/sf_engine/sf_snort_plugin_api.c,1023,80,40,0.610128879547,0.0200321674347,0,0
/home/snort/src/dynamic-plugins/sf_engine/sf_snort_plugin_byte.c,594,80,40,0.363126039505,0.00128889083862,0,0
/home/snort/src/dynamic-plugins/sf_engine/sf_snort_plugin_byte.c,594,80,40,0.406688928604,0.00169372558594,0,0
/home/snort/src/dynamic-plugins/sf_engine/sf_snort_plugin_content.c,527,80,40,0.271034002304,0.00227999687195,0,0
/home/snort/src/dynamic-plugins/sf_engine/sf_snort_plugin_content.c,527,80,40,0.270938873291,0.000976085662842,0,0
/home/snort/src/dynamic-plugins/sf_engine/sf_snort_plugin_hdropts.c,304,80,40,0.149470090866,0.000894784927368,0,0
/home/snort/src/dynamic-plugins/sf_engine/sf_snort_plugin_hdropts.c,304,80,40,0.209177017212,0.00145697593689,0,0
/home/snort/src/dynamic-plugins/sf_engine/sf_snort_plugin_loop.c,369,80,40,0.147317886353,0.00127816200256,0,0
/home/snort/src/dynamic-plugins/sf_engine/sf_snort_plugin_loop.c,369,80,40,0.137004137039,0.00417995452881,0,0
/home/snort/src/dynamic-plugins/sf_engine/sf_snort_plugin_pcre.c,314,80,40,0.193671941757,0.0012309551239,0,0
/home/snort/src/dynamic-plugins/sf_engine/sf_snort_plugin_pcre.c,314,80,40,0.214630126953,0.000787973403931,0,0
/home/snort/src/dynamic-plugins/sf_engine/sf_snort_plugin_rc4.c,106,80,40,0.0811021327972,0.00227999687195,0,0
/home/snort/src/dynamic-plugins/sf_engine/sf_snort_plugin_rc4.c,106,80,40,0.0667209625244,0.00157523155212,0,0
/home/snort/src/dynamic-plugins/sf_engine/sf_decompression.c,88,80,40,0.0826380252838,0.000881195068359,0,0
/home/snort/src/dynamic-plugins/sf_engine/sf_decompression.c,88,80,40,0.0982768535614,0.00088906288147,0,0
/home/snort/src/dynamic-plugins/sf_engine/sfhashfcn.c,142,80,40,0.106317996979,0.00398993492126,0,0
/home/snort/src/dynamic-plugins/sf_engine/sfhashfcn.c,142,80,40,0.113229990005,0.000858783721924,0,0
/home/snort/src/dynamic-plugins/sf_engine/sfghash.c,776,80,40,0.313225984573,0.00115203857422,0,0
/home/snort/src/dynamic-plugins/sf_engine/sfghash.c,776,80,40,0.260351896286,0.000967025756836,0,0
/home/snort/src/dynamic-plugins/sf_engine/sfprimetable.c,4177,80,40,0.0677859783173,0.00143718719482,0,0
/home/snort/src/dynamic-plugins/sf_engine/sfprimetable.c,4177,80,40,0.0415680408478,0.00186395645142,0,0
/home/snort/src/dynamic-plugins/sf_engine/sf_ip.c,634,80,40,0.501614093781,0.00137996673584,0,0
/home/snort/src/dynamic-plugins/sf_engine/sf_ip.c,634,80,40,0.512755155563,0.0012059211731,0,0
/home/snort/src/dynamic-plugins/sf_engine/sf_sechash.c,99,80,40,0.0516591072083,0.00281000137329,0,0
/home/snort/src/dynamic-plugins/sf_engine/sf_sechash.c,99,80,40,0.0432369709015,0.000665187835693,0,0
/home/snort/src/dynamic-plugins/sf_dynamic_plugins.c,3289,80,40,1.40065813065,0.00498795509338,0,0
/home/snort/src/dynamic-plugins/sp_dynamic.c,772,80,40,0.368048906326,0.00060510635376,0,0
/home/snort/src/dynamic-plugins/sp_preprocopt.c,418,80,40,0.236308097839,0.00103092193604,0,0
/home/snort/src/dynamic-plugins/sf_convert_dynamic.c,1079,80,40,0.391444921494,0.00135612487793,0,0
/home/snort/src/dynamic-plugins/sf_dynamic_decompression.c,392,80,40,0.161619901657,0.00142025947571,0,0
/home/snort/src/preprocessors/HttpInspect/utils/hi_util_kmap.c,572,80,40,0.242917060852,0.000629901885986,0,0
/home/snort/src/preprocessors/HttpInspect/utils/hi_util_xmalloc.c,122,80,40,0.444575786591,0.00129294395447,0,0
/home/snort/src/preprocessors/HttpInspect/utils/hi_util_hbm.c,161,80,40,0.124243974686,0.00151205062866,0,0
/home/snort/src/preprocessors/HttpInspect/utils/hi_cmd_lookup.c,263,80,40,0.108430147171,0.000921010971069,0,0
/home/snort/src/preprocessors/HttpInspect/utils/hi_buffer_dump.c,90,80,40,0.00132012367249,0.00147294998169,0,0
/home/snort/src/preprocessors/HttpInspect/utils/hi_paf.c,1694,80,40,0.642647981644,0.0020010471344,0,0
/home/snort/src/preprocessors/HttpInspect/utils/h2_paf.c,327,80,40,0.246123075485,0.00178694725037,0,0
/home/snort/src/preprocessors/HttpInspect/utils/h2_common.c,938,80,40,0.235475063324,0.0136389732361,0,0
/home/snort/src/preprocessors/HttpInspect/user_interface/hi_ui_config.c,532,80,40,0.13357591629,0.00196599960327,0,0
/home/snort/src/preprocessors/HttpInspect/user_interface/hi_ui_server_lookup.c,318,80,40,0.129163980484,0.00376009941101,0,0
/home/snort/src/preprocessors/HttpInspect/user_interface/hi_ui_iis_unicode_map.c,274,80,40,0.490336894989,0.00192379951477,0,0
/home/snort/src/preprocessors/HttpInspect/session_inspection/hi_si.c,430,80,40,0.139981985092,0.00855803489685,0,0
/home/snort/src/preprocessors/HttpInspect/mode_inspection/hi_mi.c,114,80,40,0.113122940063,0.000900745391846,0,0
/home/snort/src/preprocessors/HttpInspect/anomaly_detection/hi_ad.c,94,80,40,0.122505187988,0.00083589553833,0,0
/home/snort/src/preprocessors/HttpInspect/event_output/hi_eo_log.c,417,80,40,0.0650060176849,0.00204586982727,0,0
/home/snort/src/preprocessors/HttpInspect/server/hi_server.c,2300,80,40,0.317060947418,0.00106692314148,0,0
/home/snort/src/preprocessors/HttpInspect/server/hi_server_norm.c,432,80,40,0.149001121521,0.000610828399658,0,0
/home/snort/src/preprocessors/HttpInspect/client/hi_client.c,3583,80,40,0.466160058975,0.00214672088623,0,0
/home/snort/src/preprocessors/HttpInspect/client/hi_client_norm.c,413,80,40,0.211415052414,0.0011990070343,0,0
/home/snort/src/preprocessors/HttpInspect/normalization/hi_norm.c,1580,80,40,0.395638942719,0.000753164291382,0,0
/home/snort/src/preprocessors/HttpInspect/files/file_decomp.c,524,80,40,0.285640001297,0.0082950592041,0,0
/home/snort/src/preprocessors/HttpInspect/files/file_decomp_SWF.c,340,80,40,0.189270973206,0.000769138336182,0,0
/home/snort/src/preprocessors/HttpInspect/files/file_decomp_PDF.c,1158,80,40,0.379060983658,0.00151872634888,0,0
/home/snort/src/preprocessors/Stream6/snort_stream_tcp.c,12177,80,40,1.85170388222,0.0129628181458,0,0
/home/snort/src/preprocessors/Stream6/snort_stream_udp.c,835,80,40,0.31773686409,0.00141286849976,0,0
/home/snort/src/preprocessors/Stream6/snort_stream_icmp.c,439,80,40,0.306411027908,0.00090503692627,0,0
/home/snort/src/preprocessors/Stream6/snort_stream_ip.c,518,80,40,0.27719783783,0.000869989395142,0,0
/home/snort/src/preprocessors/Stream6/stream_paf.c,770,80,40,0.385814189911,0.0070219039917,0,0
/home/snort/src/preprocessors/Stream6/stream_common.c,639,80,40,0.328710079193,0.0121340751648,0,0
/home/snort/src/preprocessors/Session/snort_session.c,67,80,40,0.000963926315308,0.00068187713623,0,0
/home/snort/src/preprocessors/Session/session_common.c,139,80,40,0.150400876999,0.0103962421417,2,2
/home/snort/src/preprocessors/Session/session_expect.c,838,80,40,0.933804035187,0.00656080245972,0,0
/home/snort/src/preprocessors/spp_arpspoof.c,804,80,40,0.152102947235,0.00163817405701,0,0
/home/snort/src/preprocessors/spp_bo.c,939,80,40,0.157701015472,0.0264558792114,0,0
/home/snort/src/preprocessors/spp_rpc_decode.c,1512,80,40,0.340767860413,0.00062108039856,0,0
/home/snort/src/preprocessors/spp_perfmonitor.c,935,80,40,0.118091106415,0.0151851177216,0,0
/home/snort/src/preprocessors/perf.c,888,80,40,3.84325695038,0.00247764587402,0,0
/home/snort/src/preprocessors/perf-base.c,1880,80,40,0.277232170105,0.00173687934875,0,0
/home/snort/src/preprocessors/perf-flow.c,884,80,40,0.201118946075,0.0017261505127,0,0
/home/snort/src/preprocessors/perf-event.c,132,80,40,0.0849590301514,0.000667095184326,0,0
/home/snort/src/preprocessors/perf_indicators.c,142,80,40,0.0814738273621,0.00266885757446,0,0
/home/snort/src/preprocessors/spp_httpinspect.c,2266,80,40,0.227422952652,0.000874042510986,0,0
/home/snort/src/preprocessors/snort_httpinspect.c,5385,80,40,0.481782913208,0.0042839050293,0,0
/home/snort/src/preprocessors/portscan.c,2172,80,40,0.420472860336,0.0020272731781,0,0
/home/snort/src/preprocessors/spp_sfportscan.c,1678,80,40,0.318546056747,0.00131106376648,0,0
/home/snort/src/preprocessors/spp_frag3.c,5162,80,40,0.986912965775,0.00534200668335,1,1
/home/snort/src/preprocessors/str_search.c,382,80,40,0.574582099915,0.0186448097229,0,0
/home/snort/src/preprocessors/spp_stream6.c,2135,80,40,0.776448011398,0.000778913497925,0,0
/home/snort/src/preprocessors/spp_session.c,4243,80,40,0.759525060654,0.010390996933,1,1
/home/snort/src/preprocessors/session_api.c,46,80,40,0.00286412239075,0.000892877578735,0,0
/home/snort/src/preprocessors/stream_api.c,46,80,40,0.000999927520752,0.000640153884888,0,0
/home/snort/src/preprocessors/spp_normalize.c,963,80,40,0.372228860855,0.00267004966736,0,0
/home/snort/src/preprocessors/normalize.c,673,80,40,0.186061859131,0.00882720947266,0,0
/home/snort/src/parser/IpAddrSet.c,111,80,40,0.0548391342163,0.00144100189209,0,0
/home/snort/src/dynamic-preprocessors/ssl_common/ssl.c,513,80,40,0.231143951416,0.000831842422485,0,0
/home/snort/src/dynamic-preprocessors/ssl_common/ssl.c,513,80,40,0.273716211319,0.00147104263306,0,0
/home/snort/src/dynamic-preprocessors/ssl_common/ssl_config.c,1054,80,40,0.576544046402,0.00246500968933,0,0
/home/snort/src/dynamic-preprocessors/ssl_common/ssl_config.c,1054,80,40,0.397214174271,0.000967025756836,0,0
/home/snort/src/dynamic-preprocessors/ssl_common/ssl_inspect.c,974,80,40,0.203166007996,0.000783920288086,0,0
/home/snort/src/dynamic-preprocessors/ssl_common/ssl_inspect.c,974,80,40,0.179708957672,0.00142121315002,0,0
/home/snort/src/dynamic-preprocessors/ssl_common/ssl_ha.c,1005,80,40,2.14576721191e-06,0.00362396240234,0,0
/home/snort/src/dynamic-preprocessors/ssl_common/ssl_ha.c,1005,80,40,9.53674316406e-07,0.00120401382446,0,0
/home/snort/src/dynamic-preprocessors/include/sf_dynamic_preproc_lib.c,92,80,40,0.093190908432,0.000984907150269,0,0
/home/snort/src/dynamic-preprocessors/include/sf_dynamic_preproc_lib.c,92,80,40,0.103417873383,0.00222420692444,0,0
/home/snort/src/dynamic-preprocessors/include/sf_ip.c,634,80,40,0.519779920578,0.00193929672241,0,0
/home/snort/src/dynamic-preprocessors/include/sf_ip.c,634,80,40,0.536264896393,0.000986099243164,0,0
/home/snort/src/dynamic-preprocessors/include/sfrt.c,835,80,40,0.566557884216,0.000633001327515,0,0
/home/snort/src/dynamic-preprocessors/include/sfrt.c,835,80,40,0.598011016846,0.000895023345947,0,0
/home/snort/src/dynamic-preprocessors/include/sfrt_dir.c,802,80,40,2.20969009399,0.000592947006226,0,0
/home/snort/src/dynamic-preprocessors/include/sfrt_dir.c,802,80,40,2.15532779694,0.000777006149292,0,0
/home/snort/src/dynamic-preprocessors/include/sfrt_flat.c,405,80,40,0.254349946976,0.0133697986603,0,0
/home/snort/src/dynamic-preprocessors/include/sfrt_flat.c,405,80,40,0.255285978317,0.000578880310059,0,0
/home/snort/src/dynamic-preprocessors/include/sfrt_flat_dir.c,640,80,40,0.304332971573,0.00314402580261,0,0
/home/snort/src/dynamic-preprocessors/include/sfrt_flat_dir.c,640,80,40,0.382001161575,0.000752925872803,0,0
/home/snort/src/dynamic-preprocessors/include/segment_mem.c,117,80,40,0.201470851898,0.00132012367249,0,0
/home/snort/src/dynamic-preprocessors/include/segment_mem.c,117,80,40,0.120643138885,0.00107979774475,0,0
/home/snort/src/dynamic-preprocessors/include/mempool.c,440,80,40,0.24121594429,0.00157403945923,0,0
/home/snort/src/dynamic-preprocessors/include/mempool.c,440,80,40,0.281357049942,0.00199794769287,0,0
/home/snort/src/dynamic-preprocessors/include/sf_sdlist.c,437,80,40,0.142051935196,0.000926971435547,0,0
/home/snort/src/dynamic-preprocessors/include/sf_sdlist.c,437,80,40,0.0709908008575,0.00435900688171,0,0
/home/snort/src/dynamic-preprocessors/include/sfPolicyUserData.c,191,80,40,0.115813016891,0.00126004219055,0,0
/home/snort/src/dynamic-preprocessors/include/sfPolicyUserData.c,191,80,40,0.152915000916,0.00120806694031,0,0
/home/snort/src/dynamic-preprocessors/include/util_unfold.c,193,80,40,0.0905840396881,0.000997066497803,0,0
/home/snort/src/dynamic-preprocessors/include/util_unfold.c,193,80,40,0.101624965668,0.000655174255371,0,0
/home/snort/src/dynamic-preprocessors/include/sf_base64decode.c,129,80,40,0.0586211681366,0.00397396087646,0,0
/home/snort/src/dynamic-preprocessors/include/sf_base64decode.c,129,80,40,0.0496180057526,0.00083327293396,0,0
/home/snort/src/dynamic-preprocessors/include/sf_email_attach_decode.c,651,80,40,0.208909988403,0.00171709060669,0,0
/home/snort/src/dynamic-preprocessors/include/sf_email_attach_decode.c,651,80,40,0.181818008423,0.0010781288147,0,0
/home/snort/src/dynamic-preprocessors/include/reg_test.c,83,80,40,6.38961791992e-05,0.000990152359009,0,0
/home/snort/src/dynamic-preprocessors/include/reg_test.c,83,80,40,0.000391006469727,0.00058388710022,0,0
/home/snort/src/dynamic-preprocessors/libs/sfparser.c,171,80,40,0.0789570808411,0.000668048858643,0,0
/home/snort/src/dynamic-preprocessors/libs/sfparser.c,171,80,40,0.0806980133057,0.00148797035217,0,0
/home/snort/src/dynamic-preprocessors/include/sfmemcap.c,159,80,40,0.0978560447693,0.00104403495789,0,0
/home/snort/src/dynamic-preprocessors/include/sfmemcap.c,159,80,40,0.0979199409485,0.00098991394043,0,0
/home/snort/src/dynamic-preprocessors/include/appdata_adjuster.c,161,80,40,0.230088949203,0.00146532058716,0,0
/home/snort/src/dynamic-preprocessors/include/appdata_adjuster.c,161,80,40,0.212191820145,0.0027859210968,0,0
/home/snort/src/dynamic-preprocessors/include/sfxhash.c,1533,80,40,0.461019992828,0.00197315216064,0,0
/home/snort/src/dynamic-preprocessors/include/sfxhash.c,1533,80,40,0.570212841034,0.00117135047913,0,0
/home/snort/src/dynamic-preprocessors/include/sfhashfcn.c,141,80,40,0.0995190143585,0.00129699707031,0,0
/home/snort/src/dynamic-preprocessors/include/sfhashfcn.c,141,80,40,0.106158018112,0.00133776664734,0,0
/home/snort/src/dynamic-preprocessors/include/sfprimetable.c,4177,80,40,0.048798084259,0.00181674957275,0,0
/home/snort/src/dynamic-preprocessors/include/sfprimetable.c,4177,80,40,0.0397539138794,0.00129103660583,0,0
/home/snort/src/dynamic-preprocessors/include/reg_test.c,83,80,40,3.21865081787e-05,0.00334882736206,0,0
/home/snort/src/dynamic-preprocessors/include/reg_test.c,83,80,40,2.40802764893e-05,0.00162816047668,0,0
/home/snort/src/dynamic-preprocessors/ftptelnet/ftp_bounce_lookup.c,284,80,40,0.163038015366,0.000890254974365,0,0
/home/snort/src/dynamic-preprocessors/ftptelnet/ftp_bounce_lookup.c,284,80,40,0.169994831085,0.00115728378296,0,0
/home/snort/src/dynamic-preprocessors/ftptelnet/ftp_cmd_lookup.c,288,80,40,0.178172111511,0.000631093978882,0,0
/home/snort/src/dynamic-preprocessors/ftptelnet/ftp_cmd_lookup.c,288,80,40,0.148436069489,0.000723123550415,0,0
/home/snort/src/dynamic-preprocessors/ftptelnet/ftpp_eo_log.c,378,80,40,0.107976913452,0.000875234603882,0,0
/home/snort/src/dynamic-preprocessors/ftptelnet/ftpp_eo_log.c,378,80,40,0.102168798447,0.0027379989624,0,0
/home/snort/src/dynamic-preprocessors/ftptelnet/ftpp_si.c,1045,80,40,0.403809070587,0.000898122787476,0,0
/home/snort/src/dynamic-preprocessors/ftptelnet/ftpp_si.c,1045,80,40,0.338961839676,0.00114417076111,0,0
/home/snort/src/dynamic-preprocessors/ftptelnet/ftpp_ui_client_lookup.c,313,80,40,0.142848968506,0.00129008293152,0,0
/home/snort/src/dynamic-preprocessors/ftptelnet/ftpp_ui_client_lookup.c,313,80,40,0.163224935532,0.000993013381958,0,0
/home/snort/src/dynamic-preprocessors/ftptelnet/ftpp_ui_config.c,424,80,40,0.104662895203,0.00125479698181,0,0
/home/snort/src/dynamic-preprocessors/ftptelnet/ftpp_ui_config.c,424,80,40,0.0996561050415,0.00120091438293,0,0
/home/snort/src/dynamic-preprocessors/ftptelnet/ftpp_ui_server_lookup.c,334,80,40,0.157660007477,0.00180506706238,0,0
/home/snort/src/dynamic-preprocessors/ftptelnet/ftpp_ui_server_lookup.c,334,80,40,0.15807390213,0.00129294395447,0,0
/home/snort/src/dynamic-preprocessors/ftptelnet/hi_util_kmap.c,573,80,40,0.258302927017,0.00140309333801,0,0
/home/snort/src/dynamic-preprocessors/ftptelnet/hi_util_kmap.c,573,80,40,0.238168001175,0.0109250545502,0,0
/home/snort/src/dynamic-preprocessors/ftptelnet/hi_util_xmalloc.c,122,80,40,0.408356904984,0.00389504432678,0,0
/home/snort/src/dynamic-preprocessors/ftptelnet/hi_util_xmalloc.c,122,80,40,0.428624868393,0.00122904777527,0,0
/home/snort/src/dynamic-preprocessors/ftptelnet/pp_ftp.c,1976,80,40,0.726954936981,0.0348899364471,1,1
/home/snort/src/dynamic-preprocessors/ftptelnet/pp_ftp.c,1976,80,40,0.726557016373,0.0396535396576,1,1
/home/snort/src/dynamic-preprocessors/ftptelnet/pp_telnet.c,447,80,40,0.153346061707,0.00108003616333,0,0
/home/snort/src/dynamic-preprocessors/ftptelnet/pp_telnet.c,447,80,40,0.121749162674,0.00075888633728,0,0
/home/snort/src/dynamic-preprocessors/ftptelnet/snort_ftptelnet.c,4867,80,40,1.19504404068,0.00454902648926,0,0
/home/snort/src/dynamic-preprocessors/ftptelnet/snort_ftptelnet.c,4867,80,40,1.05200004578,0.00185394287109,0,0
/home/snort/src/dynamic-preprocessors/ftptelnet/spp_ftptelnet.c,737,80,40,0.128233909607,0.00132393836975,0,0
/home/snort/src/dynamic-preprocessors/ftptelnet/spp_ftptelnet.c,737,80,40,0.0902271270752,0.00148296356201,0,0
/home/snort/src/dynamic-preprocessors/pop/pop_config.c,393,80,40,0.0677139759064,0.000633001327515,0,0
/home/snort/src/dynamic-preprocessors/pop/pop_config.c,393,80,40,0.0844671726227,0.00085186958313,0,0
/home/snort/src/dynamic-preprocessors/pop/pop_log.c,114,80,40,0.031809091568,0.00100493431091,0,0
/home/snort/src/dynamic-preprocessors/pop/pop_log.c,114,80,40,0.0236530303955,0.000730991363525,0,0
/home/snort/src/dynamic-preprocessors/pop/pop_paf.c,497,80,40,0.319898843765,0.00100302696228,0,0
/home/snort/src/dynamic-preprocessors/pop/pop_paf.c,497,80,40,0.314040899277,0.00117683410645,0,0
/home/snort/src/dynamic-preprocessors/pop/pop_util.c,139,80,40,0.0251638889313,0.00114011764526,0,0
/home/snort/src/dynamic-preprocessors/pop/pop_util.c,139,80,40,0.0178987979889,0.000988245010376,0,0
/home/snort/src/dynamic-preprocessors/pop/snort_pop.c,1171,80,40,0.398552179337,0.000916957855225,0,0
/home/snort/src/dynamic-preprocessors/pop/snort_pop.c,1171,80,40,0.433817863464,0.000930070877075,0,0
/home/snort/src/dynamic-preprocessors/pop/spp_pop.c,891,80,40,0.879401922226,0.00310897827148,1,1
/home/snort/src/dynamic-preprocessors/pop/spp_pop.c,891,80,40,0.838887929916,0.00268316268921,1,1
/home/snort/src/dynamic-preprocessors/imap/imap_config.c,394,80,40,0.181499958038,0.00133991241455,0,0
/home/snort/src/dynamic-preprocessors/imap/imap_config.c,394,80,40,0.0929141044617,0.00139784812927,0,0
/home/snort/src/dynamic-preprocessors/imap/imap_log.c,114,80,40,0.0318150520325,0.00182104110718,0,0
/home/snort/src/dynamic-preprocessors/imap/imap_log.c,114,80,40,0.0213830471039,0.000693798065186,0,0
/home/snort/src/dynamic-preprocessors/imap/imap_util.c,138,80,40,0.0328578948975,0.00170588493347,0,0
/home/snort/src/dynamic-preprocessors/imap/imap_util.c,138,80,40,0.0274329185486,0.000616312026978,0,0
/home/snort/src/dynamic-preprocessors/imap/imap_paf.c,616,80,40,0.256888151169,0.00209593772888,0,0
/home/snort/src/dynamic-preprocessors/imap/imap_paf.c,616,80,40,0.201122999191,0.00215768814087,0,0
/home/snort/src/dynamic-preprocessors/imap/snort_imap.c,1211,80,40,0.433986902237,0.00110197067261,0,0
/home/snort/src/dynamic-preprocessors/imap/snort_imap.c,1211,80,40,0.436873912811,0.00223016738892,0,0
/home/snort/src/dynamic-preprocessors/imap/spp_imap.c,900,80,40,0.831059932709,0.00265407562256,1,1
/home/snort/src/dynamic-preprocessors/imap/spp_imap.c,900,80,40,0.816998004913,0.00255084037781,1,1
/home/snort/src/dynamic-preprocessors/smtp/smtp_config.c,1280,80,40,0.668127059937,0.0392589569092,1,1
/home/snort/src/dynamic-preprocessors/smtp/smtp_config.c,1280,80,40,0.463762998581,0.0268573760986,1,1
/home/snort/src/dynamic-preprocessors/smtp/smtp_log.c,131,80,40,0.0242841243744,0.00117993354797,0,0
/home/snort/src/dynamic-preprocessors/smtp/smtp_log.c,131,80,40,0.0227692127228,0.00106191635132,0,0
/home/snort/src/dynamic-preprocessors/smtp/smtp_normalize.c,182,80,40,0.0891790390015,0.00105309486389,0,0
/home/snort/src/dynamic-preprocessors/smtp/smtp_normalize.c,182,80,40,0.0679700374603,0.000877857208252,0,0
/home/snort/src/dynamic-preprocessors/smtp/smtp_util.c,320,80,40,0.11602306366,0.00532603263855,0,0
/home/snort/src/dynamic-preprocessors/smtp/smtp_util.c,320,80,40,0.135390043259,0.000872850418091,0,0
/home/snort/src/dynamic-preprocessors/smtp/smtp_xlink2state.c,310,80,40,0.193634986877,0.001296043396,0,0
/home/snort/src/dynamic-preprocessors/smtp/smtp_xlink2state.c,310,80,40,0.196141004562,0.00116205215454,0,0
/home/snort/src/dynamic-preprocessors/smtp/smtp_paf.c,463,80,40,0.717688083649,0.00194478034973,0,0
/home/snort/src/dynamic-preprocessors/smtp/smtp_paf.c,463,80,40,0.673688173294,0.0012469291687,0,0
/home/snort/src/dynamic-preprocessors/smtp/snort_smtp.c,1790,80,40,0.538465023041,0.00169610977173,0,0
/home/snort/src/dynamic-preprocessors/smtp/snort_smtp.c,1790,80,40,0.473959922791,0.00132489204407,0,0
/home/snort/src/dynamic-preprocessors/smtp/spp_smtp.c,925,80,40,0.73835682869,0.00339436531067,1,1
/home/snort/src/dynamic-preprocessors/smtp/spp_smtp.c,925,80,40,0.715495109558,0.00766801834106,1,1
/home/snort/src/dynamic-preprocessors/ssh/spp_ssh.c,1687,80,40,0.451869010925,0.0619478225708,1,1
/home/snort/src/dynamic-preprocessors/ssh/spp_ssh.c,1687,80,40,0.384936094284,0.0419011116028,1,1
/home/snort/src/dynamic-preprocessors/dns/spp_dns.c,1819,80,40,0.226762056351,0.00091814994812,0,0
/home/snort/src/dynamic-preprocessors/dns/spp_dns.c,1819,80,40,0.228930950165,0.000859975814819,0,0
/home/snort/src/dynamic-preprocessors/ssl/ssl_setup.c,49,80,40,0.0237400531769,0.00100016593933,0,0
/home/snort/src/dynamic-preprocessors/ssl/ssl_setup.c,49,80,40,0.0102000236511,0.000885963439941,0,0
/home/snort/src/dynamic-preprocessors/dcerpc2/dce2_debug.c,138,80,40,0.105293035507,0.00121474266052,0,0
/home/snort/src/dynamic-preprocessors/dcerpc2/dce2_debug.c,138,80,40,0.0873439311981,0.00104808807373,0,0
/home/snort/src/dynamic-preprocessors/dcerpc2/dce2_utils.c,570,80,40,0.172590017319,0.000624895095825,0,0
/home/snort/src/dynamic-preprocessors/dcerpc2/dce2_utils.c,570,80,40,0.160562992096,0.000797033309937,0,0
/home/snort/src/dynamic-preprocessors/dcerpc2/dce2_list.c,2039,80,40,0.238320112228,0.00120091438293,0,0
/home/snort/src/dynamic-preprocessors/dcerpc2/dce2_list.c,2039,80,40,0.141299962997,0.00462102890015,0,0
/home/snort/src/dynamic-preprocessors/dcerpc2/dce2_memory.c,572,80,40,0.165663003922,0.00111818313599,0,0
/home/snort/src/dynamic-preprocessors/dcerpc2/dce2_memory.c,572,80,40,0.158190965652,0.00109219551086,0,0
/home/snort/src/dynamic-preprocessors/dcerpc2/dce2_stats.c,183,80,40,0.0334939956665,0.00614714622498,0,0
/home/snort/src/dynamic-preprocessors/dcerpc2/dce2_stats.c,183,80,40,0.0231411457062,0.000815868377686,0,0
/home/snort/src/dynamic-preprocessors/dcerpc2/dce2_event.c,595,80,40,0.0376839637756,0.00109696388245,0,0
/home/snort/src/dynamic-preprocessors/dcerpc2/dce2_event.c,595,80,40,0.051531791687,0.000904083251953,0,0
/home/snort/src/dynamic-preprocessors/dcerpc2/dce2_config.c,4995,80,40,0.569450855255,0.00205516815186,0,0
/home/snort/src/dynamic-preprocessors/dcerpc2/dce2_config.c,4995,80,40,0.628884792328,0.00158214569092,0,0
/home/snort/src/dynamic-preprocessors/dcerpc2/dce2_roptions.c,2874,80,40,0.232276916504,0.00130581855774,0,0
/home/snort/src/dynamic-preprocessors/dcerpc2/dce2_roptions.c,2874,80,40,0.19456911087,0.00110292434692,0,0
/home/snort/src/dynamic-preprocessors/dcerpc2/spp_dce2.c,1510,80,40,0.52508687973,0.00391101837158,0,0
/home/snort/src/dynamic-preprocessors/dcerpc2/spp_dce2.c,1510,80,40,0.392421960831,0.0159838199615,0,0
/home/snort/src/dynamic-preprocessors/dcerpc2/snort_dce2.c,1355,80,40,0.891708135605,0.00566387176514,0,0
/home/snort/src/dynamic-preprocessors/dcerpc2/snort_dce2.c,1355,80,40,0.799868106842,0.00103807449341,0,0
/home/snort/src/dynamic-preprocessors/dcerpc2/dce2_smb.c,10118,80,40,0.87056016922,0.00281071662903,0,0
/home/snort/src/dynamic-preprocessors/dcerpc2/dce2_smb.c,10118,80,40,0.811352014542,0.0043740272522,0,0
/home/snort/src/dynamic-preprocessors/dcerpc2/dce2_smb2.c,1093,80,40,0.376028060913,0.00666904449463,0,0
/home/snort/src/dynamic-preprocessors/dcerpc2/dce2_smb2.c,1093,80,40,0.356604099274,0.00910782814026,0,0
/home/snort/src/dynamic-preprocessors/dcerpc2/dce2_tcp.c,132,80,40,0.0705049037933,0.000635147094727,0,0
/home/snort/src/dynamic-preprocessors/dcerpc2/dce2_tcp.c,132,80,40,0.0841429233551,0.00123810768127,0,0
/home/snort/src/dynamic-preprocessors/dcerpc2/dce2_co.c,3067,80,40,0.376703023911,0.00110983848572,0,0
/home/snort/src/dynamic-preprocessors/dcerpc2/dce2_co.c,3067,80,40,0.385344982147,0.00117802619934,0,0
/home/snort/src/dynamic-preprocessors/dcerpc2/dce2_udp.c,127,80,40,0.0505931377411,0.012531042099,0,0
/home/snort/src/dynamic-preprocessors/dcerpc2/dce2_udp.c,127,80,40,0.0469071865082,0.000862836837769,0,0
/home/snort/src/dynamic-preprocessors/dcerpc2/dce2_cl.c,1031,80,40,0.235548973083,0.00549912452698,0,0
/home/snort/src/dynamic-preprocessors/dcerpc2/dce2_cl.c,1031,80,40,0.158946990967,0.018120765686,0,0
/home/snort/src/dynamic-preprocessors/dcerpc2/dce2_http.c,282,80,40,0.052227973938,0.000978946685791,0,0
/home/snort/src/dynamic-preprocessors/dcerpc2/dce2_http.c,282,80,40,0.0818049907684,0.00109672546387,0,0
/home/snort/src/dynamic-preprocessors/dcerpc2/dce2_paf.c,608,80,40,0.218014955521,0.00111317634583,0,0
/home/snort/src/dynamic-preprocessors/dcerpc2/dce2_paf.c,608,80,40,0.150939941406,0.00126504898071,0,0
/home/snort/src/dynamic-preprocessors/sdf/spp_sdf.c,1017,80,40,0.495311021805,0.000896215438843,0,0
/home/snort/src/dynamic-preprocessors/sdf/spp_sdf.c,1017,80,40,0.432869911194,0.00532102584839,0,0
/home/snort/src/dynamic-preprocessors/sdf/sdf_pattern_match.c,687,80,40,0.439583063126,0.00361299514771,0,0
/home/snort/src/dynamic-preprocessors/sdf/sdf_pattern_match.c,687,80,40,0.294987916946,0.00093412399292,0,0
/home/snort/src/dynamic-preprocessors/sdf/sdf_credit_card.c,155,80,40,0.0768990516663,0.00137805938721,0,0
/home/snort/src/dynamic-preprocessors/sdf/sdf_credit_card.c,155,80,40,0.0832960605621,0.00110912322998,0,0
/home/snort/src/dynamic-preprocessors/sdf/sdf_us_ssn.c,304,80,40,0.801361083984,0.004962682724,1,1
/home/snort/src/dynamic-preprocessors/sdf/sdf_us_ssn.c,304,80,40,0.909664869308,0.000763177871704,1,1
/home/snort/src/dynamic-preprocessors/sdf/sdf_detection_option.c,312,80,40,0.100419998169,0.000952959060669,0,0
/home/snort/src/dynamic-preprocessors/sdf/sdf_detection_option.c,312,80,40,0.106264829636,0.000728130340576,0,0
/home/snort/src/dynamic-preprocessors/sip/spp_sip.c,1046,80,40,0.569477081299,0.0136857032776,1,1
/home/snort/src/dynamic-preprocessors/sip/spp_sip.c,1046,80,40,0.542955875397,0.0297439098358,1,1
/home/snort/src/dynamic-preprocessors/sip/sip_config.c,799,80,40,0.43227314949,0.000732898712158,0,0
/home/snort/src/dynamic-preprocessors/sip/sip_config.c,799,80,40,0.42071390152,0.00090217590332,0,0
/home/snort/src/dynamic-preprocessors/sip/sip_parser.c,1475,80,40,0.295005083084,0.00190305709839,0,0
/home/snort/src/dynamic-preprocessors/sip/sip_parser.c,1475,80,40,0.27935218811,0.00105571746826,0,0
/home/snort/src/dynamic-preprocessors/sip/sip_dialog.c,818,80,40,0.180191993713,0.00189089775085,0,0
/home/snort/src/dynamic-preprocessors/sip/sip_dialog.c,818,80,40,0.166249036789,0.00297784805298,0,0
/home/snort/src/dynamic-preprocessors/sip/sip_roptions.c,479,80,40,0.346859931946,0.0129380226135,0,0
/home/snort/src/dynamic-preprocessors/sip/sip_roptions.c,479,80,40,0.410370111465,0.000921010971069,0,0
/home/snort/src/dynamic-preprocessors/sip/sip_utils.c,192,80,40,0.163228988647,0.000873804092407,0,0
/home/snort/src/dynamic-preprocessors/sip/sip_utils.c,192,80,40,0.0876491069794,0.000957727432251,0,0
/home/snort/src/dynamic-preprocessors/sip/sip_paf.c,359,80,40,0.251425027847,0.000869035720825,0,0
/home/snort/src/dynamic-preprocessors/sip/sip_paf.c,359,80,40,0.274173021317,0.00104188919067,0,0
/home/snort/src/dynamic-preprocessors/reputation/spp_reputation.c,1097,80,40,0.46319103241,0.000763893127441,0,0
/home/snort/src/dynamic-preprocessors/reputation/spp_reputation.c,1097,80,40,0.456051826477,0.000828981399536,0,0
/home/snort/src/dynamic-preprocessors/reputation/reputation_config.c,1951,80,40,0.522155046463,0.00184798240662,0,0
/home/snort/src/dynamic-preprocessors/reputation/reputation_config.c,1951,80,40,0.548204898834,0.00131607055664,0,0
/home/snort/src/dynamic-preprocessors/reputation/reputation_utils.c,106,80,40,0.310554981232,0.00134611129761,0,0
/home/snort/src/dynamic-preprocessors/reputation/reputation_utils.c,106,80,40,0.329308986664,0.000852823257446,0,0
/home/snort/src/dynamic-preprocessors/gtp/spp_gtp.c,822,80,40,0.586624145508,0.000792980194092,0,0
/home/snort/src/dynamic-preprocessors/gtp/spp_gtp.c,822,80,40,0.635890007019,0.00178503990173,0,0
/home/snort/src/dynamic-preprocessors/gtp/gtp_config.c,1011,80,40,0.0798349380493,0.00108885765076,0,0
/home/snort/src/dynamic-preprocessors/gtp/gtp_config.c,1011,80,40,0.0794270038605,0.00220608711243,0,0
/home/snort/src/dynamic-preprocessors/gtp/gtp_parser.c,621,80,40,0.119957923889,0.00122332572937,0,0
/home/snort/src/dynamic-preprocessors/gtp/gtp_parser.c,621,80,40,0.095094203949,0.000929832458496,0,0
/home/snort/src/dynamic-preprocessors/gtp/gtp_roptions.c,542,80,40,0.141675949097,0.000952243804932,0,0
/home/snort/src/dynamic-preprocessors/gtp/gtp_roptions.c,542,80,40,0.13165807724,0.00134706497192,0,0
/home/snort/src/dynamic-preprocessors/modbus/spp_modbus.c,722,80,40,0.358160972595,0.000726938247681,0,0
/home/snort/src/dynamic-preprocessors/modbus/spp_modbus.c,722,80,40,0.410877943039,0.000747680664062,0,0
/home/snort/src/dynamic-preprocessors/modbus/modbus_decode.c,465,80,40,0.091521024704,0.00121402740479,0,0
/home/snort/src/dynamic-preprocessors/modbus/modbus_decode.c,465,80,40,0.0768640041351,0.0015332698822,0,0
/home/snort/src/dynamic-preprocessors/modbus/modbus_roptions.c,252,80,40,0.0882749557495,0.000741958618164,0,0
/home/snort/src/dynamic-preprocessors/modbus/modbus_roptions.c,252,80,40,0.069619178772,0.00146293640137,0,0
/home/snort/src/dynamic-preprocessors/modbus/modbus_paf.c,153,80,40,0.134653091431,0.000969886779785,0,0
/home/snort/src/dynamic-preprocessors/modbus/modbus_paf.c,153,80,40,0.135692119598,0.00271797180176,0,0
/home/snort/src/dynamic-preprocessors/dnp3/spp_dnp3.c,1132,80,40,0.968550920486,0.0127692222595,0,0
/home/snort/src/dynamic-preprocessors/dnp3/spp_dnp3.c,1132,80,40,0.881857156754,0.00349974632263,0,0
/home/snort/src/dynamic-preprocessors/dnp3/dnp3_paf.c,188,80,40,0.165227890015,0.0010941028595,0,0
/home/snort/src/dynamic-preprocessors/dnp3/dnp3_paf.c,188,80,40,0.122004985809,0.0019268989563,0,0
/home/snort/src/dynamic-preprocessors/dnp3/dnp3_reassembly.c,472,80,40,0.148851156235,0.000907897949219,0,0
/home/snort/src/dynamic-preprocessors/dnp3/dnp3_reassembly.c,472,80,40,0.116837978363,0.00200629234314,0,0
/home/snort/src/dynamic-preprocessors/dnp3/dnp3_roptions.c,591,80,40,0.0963079929352,0.00224113464355,0,0
/home/snort/src/dynamic-preprocessors/dnp3/dnp3_roptions.c,591,80,40,0.0824880599976,0.0120439529419,0,0
/home/snort/src/dynamic-preprocessors/dnp3/dnp3_map.c,153,80,40,0.0835490226746,0.00323605537415,0,0
/home/snort/src/dynamic-preprocessors/dnp3/dnp3_map.c,153,80,40,0.0682129859924,0.000635147094727,0,0
/home/snort/src/dynamic-output/plugins/output_base.c,445,80,40,0.202126026154,0.000872135162354,0,0
/home/snort/src/dynamic-output/plugins/output_plugin.c,194,80,40,0.241053104401,0.00118398666382,0,0
/home/snort/src/dynamic-output/libs/output_lib.c,104,80,40,0.0666148662567,0.00225734710693,0,0
/home/snort/src/dynamic-output/libs/output_lib.c,104,80,40,0.0860798358917,0.0011248588562,0,0
/home/snort/src/target-based/sftarget_reader.c,1194,80,40,0.265048027039,0.00134587287903,0,0
/home/snort/src/target-based/sftarget_hostentry.c,191,80,40,0.141874790192,0.00111889839172,0,0
/home/snort/src/target-based/sftarget_protocol_reference.c,314,80,40,0.0841789245605,0.00117015838623,0,0
/home/snort/src/target-based/sf_attribute_table_parser.c,8168,80,40,0.463864088058,0.00189089775085,0,0
/home/snort/src/target-based/sf_attribute_table.c,2377,80,40,0.0212490558624,0.00640392303467,0,0
/home/snort/src/control/sfcontrol.c,891,80,40,0.0406639575958,0.00106120109558,0,0
/home/snort/src/file-process/libs/file_lib.c,377,80,40,0.223112106323,0.000976800918579,0,0
/home/snort/src/file-process/libs/file_config.c,771,80,40,0.185891151428,0.00127506256104,0,0
/home/snort/src/file-process/libs/file_identifier.c,560,80,40,0.227200984955,0.00127005577087,0,0
/home/snort/src/file-process/file_service.c,1329,80,40,0.459814786911,0.00184488296509,0,0
/home/snort/src/file-process/file_service_config.c,409,80,40,0.122911930084,0.00112509727478,0,0
/home/snort/src/file-process/file_mime_process.c,1544,80,40,0.421415090561,0.00132083892822,0,0
/home/snort/src/file-process/file_resume_block.c,365,80,40,0.119186162949,0.000771045684814,0,0
/home/snort/src/file-process/file_mime_config.c,395,80,40,0.189711093903,0.00365781784058,0,0
/home/snort/src/file-process/file_capture.c,627,80,40,0.404392004013,0.000811100006104,0,0
/home/snort/src/file-process/file_stats.c,345,80,40,0.0409719944,0.000778675079346,0,0
/home/snort/src/file-process/file_segment_process.c,739,80,40,0.424599885941,0.00600814819336,0,0
/home/snort/src/file-process/circular_buffer.c,231,80,40,0.110645055771,0.000712156295776,0,0
/home/snort/src/file-process/file_mempool.c,341,80,40,0.207189083099,0.000587940216064,0,0
/home/snort/src/sfutil/sf_email_attach_decode.c,654,80,40,0.190440177917,0.00622010231018,0,0
/home/snort/src/reload-adjust/appdata_adjuster.c,167,80,40,0.214287996292,0.00111722946167,0,0
/home/snort/src/debug.c,170,80,40,0.0287120342255,0.00197815895081,0,0
/home/snort/src/decode.c,7548,80,40,0.328356027603,0.00341200828552,0,0
/home/snort/src/encode.c,1744,80,40,0.572452068329,0.000741004943848,0,0
/home/snort/src/active.c,606,80,40,0.215932130814,0.00620079040527,0,0
/home/snort/src/log.c,2337,80,40,0.207956790924,0.00175595283508,0,0
/home/snort/src/mstring.c,916,80,40,0.203473091125,0.000893831253052,0,0
/home/snort/src/hashstring.c,153,80,40,0.0738818645477,0.000783205032349,0,0
/home/snort/src/parser.c,12241,80,40,2.96252799034,0.0213449001312,3,3
/home/snort/src/profiler.c,1046,80,40,0.109892129898,0.000756978988647,0,0
/home/snort/src/plugbase.c,2010,80,40,0.217517852783,0.00446796417236,0,0
/home/snort/src/snort.c,5668,80,40,0.830610990524,0.00427722930908,0,0
/home/snort/src/strlcatu.c,77,80,40,0.0269389152527,0.00579190254211,0,0
/home/snort/src/strlcpyu.c,73,80,40,0.0311901569366,0.000812768936157,0,0
/home/snort/src/tag.c,802,80,40,0.206662893295,0.00156188011169,0,0
/home/snort/src/util.c,2631,80,40,0.737112045288,0.0293290615082,1,1
/home/snort/src/detect.c,1337,80,40,0.428000926971,0.0115311145782,0,0
/home/snort/src/signature.c,490,80,40,0.181682109833,0.000948905944824,0,0
/home/snort/src/mempool.c,443,80,40,0.20557308197,0.000748872756958,0,0
/home/snort/src/sf_sdlist.c,437,80,40,0.0994789600372,0.0065131187439,0,0
/home/snort/src/fpcreate.c,3652,80,40,0.905392885208,0.00241279602051,0,0
/home/snort/src/fpdetect.c,1825,80,40,0.46546792984,0.00127100944519,0,0
/home/snort/src/pcrm.c,1705,80,40,0.211359977722,0.00145816802979,0,0
/home/snort/src/byte_extract.c,374,80,40,0.154334068298,0.00115895271301,0,0
/home/snort/src/sfthreshold.c,484,80,40,0.204009056091,0.000946044921875,0,0
/home/snort/src/packet_time.c,56,80,40,0.0231039524078,0.00141978263855,0,0
/home/snort/src/event_wrapper.c,264,80,40,0.185183048248,0.00683999061584,0,0
/home/snort/src/event_queue.c,284,80,40,0.151229143143,0.00064492225647,0,0
/home/snort/src/ppm.c,706,80,40,0.164122819901,0.00070595741272,0,0
/home/snort/src/log_text.c,1851,80,40,0.108580827713,0.00932025909424,0,0
/home/snort/src/detection_filter.c,151,80,40,0.139307975769,0.000890970230103,0,0
/home/snort/src/detection_util.c,190,80,40,0.0444979667664,0.00188112258911,0,0
/home/snort/src/rate_filter.c,302,80,40,0.224276065826,0.00207495689392,0,0
/home/snort/src/pkt_tracer.c,630,80,40,0.13293504715,0.0100879669189,0,0
/home/snort/src/obfuscation.c,1562,80,40,0.278888940811,0.00186586380005,0,0
/home/snort/src/sfdaq.c,917,80,40,0.378018856049,0.000642061233521,0,0
/home/snort/src/reload.c,1149,80,40,0.199536085129,0.00062108039856,0,0
/home/snort/src/idle_processing.c,82,80,40,0.074059009552,0.0259368419647,0,0
/home/snort/src/reg_test.c,83,80,40,4.10079956055e-05,0.000687837600708,0,0
/home/snort/tools/u2boat/u2boat.c,340,80,40,0.868310928345,0.00494790077209,0,0
/home/snort/tools/u2spewfoo/u2spewfoo.c,801,80,40,1.05177402496,0.00441813468933,0,0
